Average Diameter,Time
3.602829,0.019511
3.593788,0.0406102
3.590586,0.0595717
3.589142,0.0797639
3.587671,0.1024662
3.585996,0.1217985
3.579729,0.1413068
3.568726,0.1598779
3.560145,0.178985
3.553067,0.1985194
3.545821,0.2181054
3.539536,0.236095
3.532493,0.255184
3.526476,0.2743088
3.52204,0.2943426
3.516659,0.3155238
3.513256,0.3342617
3.510448,0.353919
3.508193,0.3743402
3.506276,0.3963112
3.50402,0.4180296
3.501986,0.4408367
3.499046,0.4630931
3.496051,0.4859958
3.4913,0.5069726
3.486188,0.5312005
3.481197,0.5516176
3.475271,0.5740867
3.469705,0.5961429
3.464346,0.6177967
3.459136,0.6402284
3.454072,0.6629605
3.448781,0.6850123
3.44357,0.706825
3.438203,0.7297646
3.432933,0.7531406
3.427959,0.7732025
3.423262,0.7959386
3.418977,0.8180385
3.414624,0.8401006
3.408092,0.8620915
3.404631,0.8850285
3.402603,0.9036185
3.402603,0.9233118
3.402603,0.9417399
3.402603,0.9616416
3.402603,0.9796923
3.402603,0.999265
3.402603,1.018404
3.396645,1.036978
3.386737,1.055972
3.379224,1.07495
3.37844,1.09401
3.378458,1.1121
3.378954,1.130862
3.380051,1.150159
3.380769,1.170654
3.380616,1.189398
3.380102,1.208505
3.379618,1.227312
3.378865,1.24526
3.378129,1.263244
3.377425,1.28126
3.376615,1.299056
3.375836,1.317998
3.375203,1.336096
3.37461,1.354684
3.374404,1.375457
3.374902,1.394235
3.375393,1.412149
3.375879,1.430723
3.376466,1.449588
3.377044,1.467901
3.377611,1.485945
3.378024,1.504381
3.37824,1.522536
3.378694,1.540237
3.37919,1.558223
3.379617,1.579214
3.380022,1.597309
3.380247,1.615882
3.380332,1.634811
3.380556,1.653929
3.380784,1.672499
3.381147,1.691545
3.381509,1.710447
3.381868,1.729689
3.38266,1.748913
3.383254,1.767782
3.384003,1.788692
3.384752,1.807588
3.385659,1.826151
3.386572,1.844792
3.387583,1.86388
3.388827,1.881676
3.390305,1.899898
3.391878,1.917905
3.393691,1.935717
3.395489,1.954746
3.397308,1.973898
3.399188,1.993973
3.401028,2.013126
3.402999,2.031117
3.404932,2.0502
3.40691,2.069046
3.408854,2.086887
3.410692,2.105606
3.412157,2.12427
3.413435,2.144495
3.413968,2.162768
3.413801,2.180755
3.413481,2.201658
3.412923,2.219821
3.412229,2.238133
3.411127,2.258087
3.41005,2.276628
3.408989,2.295578
3.407828,2.314807
3.406813,2.334365
3.405819,2.353611
3.404942,2.372635
3.404022,2.39019
3.40309,2.409966
3.402173,2.429129
3.401139,2.448835
3.400111,2.467716
3.399102,2.487187
3.398211,2.506019
3.397232,2.525175
3.396368,2.544193
3.39568,2.563476
3.394999,2.584415
3.394373,2.604005
3.39425,2.625046
3.394197,2.644078
3.394405,2.663645
3.394604,2.683119
3.394796,2.702581
3.395029,2.721311
3.395256,2.740019
3.395364,2.760034
3.395569,2.778926
3.395764,2.797837
3.395948,2.816868
3.396035,2.837382
3.396058,2.856522
3.396143,2.875381
3.396045,2.894891
3.395913,2.914225
3.395829,2.93342
3.395868,2.952262
3.396016,2.971158
3.396178,2.99023
3.396444,3.009173
3.396802,3.028512
3.397245,3.048771
3.397693,3.068119
3.398254,3.086589
3.4,3.106197
3.403111,3.124072
3.404864,3.143754
3.406078,3.163218
3.40696,3.181489
3.407555,3.200063
3.408169,3.219458
3.408658,3.236833
3.409299,3.257921
3.409858,3.276823
3.410506,3.295232
3.411162,3.313205
3.412053,3.332095
3.413172,3.35104
3.414443,3.369876
3.416042,3.389105
3.41767,3.408936
3.419414,3.426841
3.421211,3.445724
3.423171,3.465804
3.425155,3.484374
3.427171,3.504142
3.429293,3.522197
3.431387,3.540121
3.43348,3.558044
3.435681,3.576962
3.437927,3.595831
3.440145,3.614407
3.442269,3.63336
3.444372,3.652326
3.446445,3.67372
3.449512,3.693047
3.453233,3.711894
3.457663,3.731037
3.462267,3.750307
3.466644,3.769881
3.471155,3.788749
3.475804,3.807916
3.48041,3.826734
3.485033,3.845835
3.489808,3.865592
3.49456,3.886195
3.499315,3.904642
3.504059,3.922915
3.509108,3.941675
3.514369,3.961391
3.519543,3.979114
3.52468,3.998203
3.529615,4.017213
3.534372,4.035543
3.53911,4.0551
3.543809,4.073979
3.548483,4.094083
3.553143,4.112882
3.558125,4.13133
3.563229,4.150844
3.56834,4.169808
3.57348,4.187734
3.578607,4.207122
3.583709,4.224831
3.589391,4.243638
3.594526,4.261468
3.600252,4.279304
3.604857,4.301269
3.608799,4.320243
3.612183,4.33814
3.616323,4.356187
3.621037,4.374226
3.625798,4.393187
3.629494,4.41208
3.632232,4.430002
3.636439,4.448961
3.64034,4.468094
3.644153,4.486876
3.647919,4.50774
3.65166,4.526774
3.655383,4.544772
3.659081,4.564514
3.662857,4.583466
3.666607,4.602695
3.670328,4.621063
3.673965,4.639042
3.677488,4.658318
3.6809,4.677662
3.684256,4.696009
3.687589,4.716834
3.690979,4.735812
3.694377,4.754749
3.697811,4.773829
3.701391,4.791722
3.705045,4.811305
3.70899,4.829866
3.712911,4.848732
3.716924,4.867884
3.721016,4.886522
3.725242,4.905395
3.729208,4.926867
3.733232,4.946476
3.73737,4.966256
3.741489,4.985103
3.745661,5.003111
3.74977,5.022098
3.7539,5.040885
3.758093,5.059136
3.762287,5.078122
3.766635,5.09724
3.770966,5.116104
3.775262,5.136695
3.779649,5.156621
3.783887,5.175129
3.788099,5.193961
3.792399,5.21355
3.796718,5.232797
3.80101,5.251943
3.80531,5.269759
3.809571,5.287853
3.813939,5.307301
3.818298,5.326086
3.822572,5.346073
3.826851,5.365326
3.831153,5.382942
3.837088,5.402386
3.841169,5.420695
3.845381,5.439687
3.850624,5.45863
3.854643,5.480574
3.858026,5.502873
3.858026,5.522539
3.858026,5.540257
3.863239,5.560035
3.868782,5.579305
3.871039,5.598255
3.875343,5.617086
3.880781,5.637217
3.885538,5.658038
3.889924,5.678373
3.894374,5.699231
3.899031,5.718914
3.903553,5.737772
3.908186,5.756782
3.912751,5.777296
3.917285,5.796756
3.921924,5.81557
3.926458,5.834512
3.931515,5.853248
3.936498,5.872316
3.941447,5.891234
3.946342,5.910248
3.951198,5.929183
3.955935,5.947983
3.960004,5.967051
3.96483,5.98678
3.96483,6.006032
3.96483,6.024788
3.968432,6.0431
3.973131,6.06169
3.977609,6.080729
3.982118,6.099146
3.985841,6.118773
3.98931,6.137465
3.992617,6.156544
3.995926,6.174777
3.999783,6.196218
4.003319,6.214842
4.007185,6.23362
4.011025,6.252143
4.014776,6.27062
4.018494,6.289874
4.022543,6.309115
4.025333,6.32812
4.028685,6.347131
4.032279,6.365241
4.035844,6.38388
4.039263,6.405591
4.042377,6.42347
4.04589,6.442397
4.049921,6.462102
4.053351,6.479943
4.05669,6.497924
4.060266,6.51696
4.063656,6.535782
4.067008,6.555033
4.069625,6.573719
4.072221,6.59197
4.074812,6.612628
4.077387,6.632157
4.079942,6.652019
4.082468,6.671204
4.084677,6.689864
4.086997,6.708368
4.089337,6.728392
4.091655,6.746945
4.09392,6.766051
4.096176,6.785025
4.098424,6.802834
4.100639,6.823647
4.102806,6.843818
4.104999,6.862778
4.107142,6.882188
4.109436,6.9009
4.111598,6.919989
4.113897,6.938873
4.116322,6.957761
4.118729,6.975545
4.121094,6.994502
4.123442,7.01332
4.125779,7.034271
4.128142,7.053473
4.130095,7.072481
4.133692,7.091343
4.136864,7.110452
4.139891,7.128256
4.142893,7.146322
4.146018,7.164242
4.149241,7.183144
4.15248,7.202267
4.155714,7.221107
4.158928,7.242265
4.162156,7.26188
4.165347,7.280978
4.168522,7.298917
4.171712,7.318709
4.174889,7.337642
4.178022,7.356091
4.181126,7.374916
4.184217,7.393986
4.187294,7.411999
4.190316,7.430768
4.193322,7.452846
4.196325,7.472637
4.199343,7.492264
4.202372,7.511156
4.205405,7.529069
4.208427,7.548171
4.211457,7.567164
4.214497,7.586009
4.217729,7.605842
4.220882,7.624697
4.224038,7.64286
4.227317,7.665021
4.230471,7.684476
4.233592,7.703505
4.236701,7.723826
4.239746,7.742683
4.242744,7.761295
4.24581,7.780692
4.248791,7.800006
4.25176,7.819047
4.254707,7.837751
4.257549,7.855474
4.260991,7.877529
4.264012,7.896155
4.266785,7.91572
4.268747,7.93456
4.270951,7.953485
4.27236,7.973042
4.275737,7.991045
4.278881,8.008912
4.281793,8.027924
4.284779,8.046894
4.286972,8.064855
4.289271,8.085971
4.29214,8.104743
4.295065,8.122535
4.298023,8.141713
4.301047,8.160781
4.304097,8.179979
4.307009,8.199549
4.310039,8.218598
4.313055,8.2364
4.315994,8.255912
4.318944,8.275156
4.321935,8.294683
4.324913,8.314139
4.327878,8.333761
4.330825,8.351439
4.333762,8.370484
4.336716,8.389415
4.339658,8.408238
4.342522,8.426319
4.345299,8.445168
4.348129,8.463249
4.350956,8.482187
4.35388,8.502834
4.356834,8.521926
4.359789,8.539878
4.362713,8.558903
4.365786,8.577785
4.367705,8.596839
4.370263,8.616181
4.373058,8.634527
4.375721,8.653171
4.378335,8.672058
4.380949,8.690797
4.383579,8.713659
4.386197,8.732965
4.388803,8.75224
4.391414,8.771715
4.393994,8.791357
4.39665,8.809641
4.399321,8.829158
4.402037,8.848486
4.404783,8.869139
4.407517,8.887125
4.410304,8.906103
4.413137,8.926425
4.415899,8.946404
4.418656,8.964138
4.421437,8.98388
4.424244,9.002895
4.42704,9.02094
4.429489,9.039789
4.431348,9.058111
4.431348,9.077937
4.431348,9.09563
4.431348,9.114461
4.431348,9.134849
4.431348,9.154018
4.431348,9.172722
4.431348,9.191566
4.431348,9.210573
4.431348,9.229547
4.431348,9.247942
4.431348,9.266397
4.431348,9.285211
4.431348,9.303167
4.431348,9.322198
4.433031,9.342408
4.435091,9.360259
4.436182,9.379261
4.43915,9.396975
4.4419,9.416312
4.444619,9.435634
4.447336,9.455263
4.449929,9.474392
4.452286,9.492339
4.454634,9.511458
4.456988,9.530182
4.459359,9.552077
4.461793,9.571027
4.464288,9.590013
4.46684,9.60902
4.469421,9.627876
4.472105,9.64685
4.474778,9.664838
4.477444,9.68384
4.480105,9.702655
4.482715,9.721787
4.485321,9.740646
4.487872,9.761676
4.490448,9.780279
4.493017,9.799287
4.4956,9.818882
4.49818,9.837811
4.500748,9.855999
4.503307,9.87502
4.505857,9.893994
4.508409,9.912447
4.511006,9.929976
4.513675,9.948951
4.516337,9.968759
4.51898,9.987907
4.520558,10.00572
4.520558,10.04379
4.52269,10.06281
4.524083,10.08164
4.525952,10.09986
4.52718,10.11877
4.528954,10.13649
4.529735,10.15451
4.531383,10.17506
4.532494,10.19485
4.534068,10.21382
4.535502,10.23298
4.537055,10.25284
4.538604,10.27066
4.540147,10.28972
4.541939,10.3076
4.543625,10.32707
4.545379,10.34647
4.546972,10.36465
4.548559,10.38511
4.550035,10.40314
4.551309,10.42208
4.553464,10.43992
4.55561,10.45775
4.557747,10.47695
4.559738,10.49504
4.561958,10.51445
4.563056,10.53323
4.564738,10.55222
4.566368,10.57107
4.567992,10.5917
4.569551,10.6107
4.571081,10.62956
4.572605,10.64871
4.574127,10.66794
4.575599,10.68688
4.577112,10.7058
4.578683,10.72533
4.580252,10.74429
4.582059,10.7623
4.584048,10.78132
4.586001,10.8012
4.587948,10.82003
4.589891,10.83893
4.591916,10.8582
4.593946,10.87694
4.595959,10.89581
4.597887,10.91478
4.599899,10.93261
4.601912,10.95169
4.603927,10.9708
4.60591,10.9899
4.608017,11.00978
4.610248,11.02892
4.612702,11.04801
4.615205,11.06674
4.617726,11.08562
4.620236,11.10363
4.622699,11.12169
4.625051,11.13963
4.627388,11.15869
4.629698,11.17878
4.631997,11.1969
4.634296,11.21669
4.636596,11.23516
4.638985,11.25334
4.641267,11.27294
4.643537,11.29074
4.645793,11.3111
4.64771,11.33064
4.649738,11.35014
4.651737,11.36835
4.653706,11.41052
4.655597,11.43146
4.656948,11.45107
4.657878,11.47013
4.659179,11.48913
4.660422,11.50887
4.661662,11.52735
4.662979,11.54692
4.664263,11.5651
4.665541,11.58409
4.666816,11.60236
4.668091,11.62105
4.669357,11.64212
4.670622,11.66027
4.67186,11.67987
4.673112,11.69872
4.674453,11.71753
4.67579,11.73672
4.677282,11.75517
4.678826,11.77359
4.680457,11.79319
4.682105,11.81179
4.683761,11.83055
4.685477,11.85212
4.687291,11.87016
4.689003,11.88866
4.690809,11.90776
4.692616,11.92755
4.694514,11.94698
4.69627,11.96572
4.698031,11.9846
4.699849,12.00367
4.701838,12.02146
4.703724,12.03996
4.705608,12.06167
4.70749,12.08055
4.709342,12.10006
4.711033,12.11911
4.712726,12.13776
4.714424,12.1561
4.716357,12.17559
4.718195,12.19459
4.720003,12.21352
4.721787,12.23258
4.72357,12.25053
4.725309,12.27149
4.727003,12.29102
4.728671,12.30978
4.730348,12.32857
4.732005,12.34702
4.733674,12.36503
4.735602,12.384
4.737827,12.40172
4.73972,12.41973
4.74059,12.4383
4.74059,12.45727
4.742607,12.47696
4.743697,12.49614
4.745267,12.51414
4.746988,12.53299
4.748893,12.55219
4.750845,12.57098
4.752278,12.58986
4.754149,12.60769
4.756061,12.62579
4.757795,12.64461
4.758988,12.66375
4.760727,12.68456
4.762386,12.70356
4.764174,12.72155
4.765962,12.74055
4.767748,12.75848
4.76945,12.77779
4.771146,12.7974
4.772801,12.82246
4.774451,12.84144
4.776005,12.86015
4.77746,12.87935
4.778824,12.90024
4.780203,12.91959
4.781554,12.93763
4.782893,12.95653
4.784167,12.97545
4.785438,12.99457
4.786773,13.01338
4.788105,13.03224
4.789436,13.05121
4.79088,13.07033
4.792368,13.08908
4.793953,13.10989
4.795569,13.12861
4.797184,13.14672
4.798802,13.16414
4.800487,13.18303
4.802166,13.20239
4.803769,13.22101
4.805359,13.23959
4.807168,13.25866
4.808754,13.27652
4.809843,13.29546
4.811119,13.31572
4.812297,13.33473
4.814081,13.35466
4.814764,13.3737
4.815516,13.39264
4.816419,13.41081
4.817964,13.42996
4.819317,13.44954
4.820475,13.46838
4.821476,13.48643
4.822761,13.50531
4.824013,13.52525
4.825261,13.54311
4.826417,13.56237
4.827645,13.58211
4.828918,13.60101
4.830187,13.62002
4.831471,13.6384
4.832707,13.6564
4.833995,13.67531
4.835303,13.69421
4.836607,13.71231
4.837899,13.73356
4.839188,13.75256
4.840483,13.76996
4.841517,13.78879
4.843055,13.80844
4.844465,13.8269
4.845804,13.8454
4.847138,13.86412
4.848421,13.88301
4.849699,13.90097
4.850974,13.91899
4.852098,13.94056
4.853299,13.95963
4.854579,13.97741
4.855775,13.99631
4.856484,14.01431
4.85719,14.03364
4.857905,14.0517
4.858936,14.07062
4.860016,14.08962
4.861129,14.10846
4.862241,14.12774
4.863363,14.14754
4.864494,14.16666
4.865615,14.18478
4.866812,14.20358
4.868063,14.22283
4.869358,14.24102
4.870603,14.25916
4.871846,14.27728
4.873137,14.29618
4.874444,14.31479
4.875731,14.33361
4.876986,14.35544
4.878283,14.37462
4.879646,14.39375
4.8811,14.41155
4.882649,14.43071
4.884137,14.44959
4.885686,14.46775
4.887229,14.48619
4.888731,14.50585
4.890228,14.52397
4.891703,14.54263
4.893155,14.56259
4.89455,14.58149
4.895979,14.60053
4.897365,14.61872
4.898507,14.63855
4.900097,14.65763
4.901721,14.67668
4.903635,14.69548
4.905258,14.71471
4.906513,14.73392
4.907881,14.75334
4.909248,14.77433
4.910452,14.79355
4.911575,14.81256
4.912695,14.83192
4.913969,14.85107
4.915245,14.8701
4.916512,14.88874
4.917777,14.90735
4.919028,14.92616
4.920193,14.9455
4.921316,14.96337
4.922435,14.98325
4.923509,15.00331
4.924638,15.02179
4.925765,15.04039
4.926873,15.05894
4.92804,15.07841
4.929205,15.09735
4.930348,15.11578
4.931491,15.13498
4.932631,15.15429
4.933723,15.17308
4.934808,15.19418
4.935892,15.21297
4.936934,15.23169
4.938023,15.25095
4.939356,15.27039
4.940698,15.28836
4.942075,15.307
4.943419,15.32656
4.944759,15.3456
4.946096,15.36504
4.947433,15.3844
4.948736,15.40572
4.949996,15.42391
4.951168,15.44314
4.952311,15.46278
4.953451,15.48078
4.954671,15.49987
4.955926,15.51862
4.957139,15.53748
4.958355,15.55641
4.959684,15.57548
4.960927,15.5939
4.962127,15.61546
4.963322,15.63448
4.964515,15.6541
4.965747,15.67247
4.966988,15.69139
4.968215,15.71
4.969551,15.72776
4.970898,15.74695
4.972257,15.76584
4.973614,15.7849
4.974946,15.80383
4.976276,15.82547
4.977636,15.84474
4.978909,15.86372
4.980157,15.88297
4.981306,15.90232
4.98245,15.92128
4.983585,15.93972
4.984719,15.95883
4.985851,15.9779
4.986999,15.99663
4.988145,16.01554
4.989367,16.03657
4.990553,16.05454
4.99178,16.07427
4.992942,16.09254
4.994229,16.11157
4.995532,16.13062
4.996711,16.14952
4.997877,16.16847
4.999048,16.18737
5.000195,16.20667
5.001307,16.22576
5.002415,16.24637
5.003522,16.26562
5.004673,16.28453
5.005825,16.30365
5.006981,16.32255
5.008165,16.34012
5.009409,16.35929
5.010692,16.37714
5.011973,16.39515
5.01329,16.41334
5.014677,16.43316
5.016079,16.45446
5.017477,16.47333
5.018859,16.49265
5.020236,16.51132
5.021609,16.52905
5.022913,16.54714
5.024211,16.56602
5.02558,16.58497
5.026918,16.60365
5.028255,16.62149
5.029462,16.63907
5.030162,16.6606
5.030162,16.67953
5.030162,16.69841
5.031145,16.7174
5.031754,16.73551
5.032518,16.75444
5.033376,16.77411
5.034489,16.79169
5.035391,16.8097
5.036188,16.82879
5.03709,16.8471
5.03799,16.86845
5.039089,16.8866
5.039797,16.90623
5.039813,16.92422
5.040213,16.94294
5.041103,16.96186
5.04177,16.97972
5.042416,16.99877
5.04297,17.01758
5.043505,17.03654
5.043977,17.05445
5.044421,17.07593
5.044865,17.0953
5.0453,17.11436
5.04578,17.13394
5.046466,17.15319
5.047274,17.17117
5.048082,17.19007
5.048926,17.20902
5.049783,17.22805
5.050661,17.2477
5.051537,17.26551
5.052419,17.28598
5.053301,17.30486
5.054187,17.32405
5.055065,17.34184
5.055952,17.36112
5.056827,17.3804
5.057724,17.39949
5.058597,17.41835
5.05942,17.43863
5.060238,17.45731
5.061057,17.47585
5.06187,17.49652
5.06266,17.51517
5.06345,17.53469
5.064233,17.55433
5.064993,17.57365
5.065763,17.59271
5.066523,17.60973
5.06729,17.62873
5.068042,17.6484
5.068719,17.66745
5.069396,17.6864
5.070047,17.70698
5.070617,17.72515
5.071138,17.74422
5.071642,17.76216
5.072122,17.78092
5.072602,17.79898
5.073059,17.81786
5.073512,17.83673
5.073921,17.85608
5.074327,17.87609
5.074739,17.89558
5.075272,17.91653
5.07587,17.93646
5.076504,17.95558
5.077137,17.97429
5.077797,17.9934
5.078458,18.01297
5.079112,18.03098
5.079742,18.04971
5.08036,18.06871
5.080967,18.08663
5.08158,18.10448
5.082193,18.12453
5.082806,18.14367
5.083394,18.16143
5.08398,18.17929
5.084566,18.19893
5.085176,18.21766
5.085742,18.23656
5.086303,18.25551
5.086864,18.27466
5.087453,18.29368
5.088058,18.31142
5.088662,18.3324
5.089248,18.35169
5.089889,18.37036
5.090561,18.38928
5.091233,18.40793
5.091904,18.42596
5.092545,18.44518
5.093217,18.46295
5.093888,18.48203
5.094557,18.50119
5.095185,18.51998
5.095813,18.54057
5.096484,18.5595
5.097111,18.57833
5.097754,18.59701
5.098396,18.6158
5.099064,18.63395
5.099776,18.6526
5.100491,18.6714
5.101204,18.68926
5.101916,18.70907
5.102658,18.72803
5.103403,18.74844
5.104169,18.76713
5.105068,18.78495
5.105928,18.80296
5.106827,18.822
5.107734,18.84092
5.10863,18.85985
5.109491,18.87883
5.110341,18.89774
5.111185,18.9166
5.112031,18.93574
5.112868,18.95653
5.113703,18.97545
5.114549,18.99346
5.115368,19.01134
5.116186,19.03046
5.116997,19.04947
5.117801,19.06835
5.118618,19.08617
5.119419,19.10483
5.120195,19.12399
5.120965,19.14337
5.121689,19.16469
5.122411,19.18422
5.123187,19.20186
5.123936,19.21947
5.124478,19.23833
5.124894,19.2585
5.125778,19.27739
5.126369,19.29803
5.126966,19.31683
5.127861,19.33556
5.128192,19.35346
5.128818,19.37428
5.12936,19.39336
5.1298,19.41281
5.130383,19.43202
5.131039,19.4507
5.131773,19.4696
5.132507,19.48851
5.133241,19.50743
5.13412,19.5268
5.135071,19.54569
5.136033,19.56352
5.136981,19.58449
5.137879,19.60344
5.138758,19.62168
5.139557,19.64067
5.140262,19.66044
5.140942,19.6782
5.141631,19.69696
5.142319,19.71559
5.143114,19.73468
5.144138,19.75383
5.145208,19.77155
5.146277,19.79129
5.147377,19.81046
5.14848,19.82951
5.149575,19.84887
5.150267,19.86654
5.150955,19.88448
5.151969,19.90416
5.15254,19.92291
5.153434,19.94249
5.153434,19.96149
5.153434,19.98042
5.153434,20.0013
5.153434,20.01916
5.153434,20.03812
5.153434,20.05718
5.153434,20.0761
5.153434,20.09501
5.154135,20.11309
5.155001,20.1311
5.155368,20.15602
5.155368,20.17502
5.155368,20.19427
5.155368,20.21372
5.155368,20.23305
5.155368,20.25068
5.155368,20.26959
5.155368,20.28798
5.155368,20.30743
5.155368,20.32536
5.156083,20.34352
5.15692,20.36191
5.157795,20.3811
5.159039,20.39981
5.159818,20.42083
5.160684,20.43981
5.161475,20.45899
5.162301,20.47675
5.163095,20.49464
5.163878,20.51368
5.16466,20.53152
5.165431,20.55081
5.166182,20.56955
5.166952,20.58866
5.167691,20.60748
5.168422,20.62828
5.169151,20.64696
5.169868,20.6655
5.170588,20.68443
5.171304,20.70327
5.172033,20.72084
5.17275,20.73965
5.173465,20.7586
5.174181,20.77659
5.174899,20.79547
5.175588,20.81446
5.176264,20.83614
5.176932,20.85473
5.177609,20.87361
5.178277,20.89162
5.178945,20.90964
5.179587,20.92899
5.180202,20.94917
5.180816,20.96754
5.181389,20.98664
5.181962,21.00514
5.182548,21.02324
5.182548,21.04392
5.182548,21.06315
5.182548,21.08204
5.182548,21.10091
5.182548,21.11902
5.182548,21.13769
5.182548,21.15584
5.182548,21.17481
5.182548,21.19373
5.182548,21.21272
5.182548,21.23176
5.182548,21.25196
5.182548,21.27108
5.182835,21.28975
5.182926,21.30878
5.183254,21.32777
5.183802,21.34651
5.183969,21.36653
5.184395,21.38599
5.185049,21.40474
5.185822,21.42273
5.186501,21.44118
5.187217,21.46107
5.187891,21.48105
5.188571,21.49989
5.189237,21.51897
5.189888,21.53705
5.19054,21.55593
5.19119,21.57507
5.19183,21.59382
5.192469,21.61292
5.193105,21.63177
5.193329,21.65071
5.194076,21.67199
5.194637,21.68976
5.195362,21.70862
5.196191,21.72755
5.196953,21.74649
5.197715,21.76546
5.198473,21.78448
5.199214,21.80247
5.199955,21.82121
5.200719,21.84019
5.201619,21.85959
5.202072,21.8815
5.202527,21.90035
5.202952,21.91933
5.203492,21.93822
5.204079,21.95771
5.204627,21.97666
5.205251,21.99549
5.20589,22.01449
5.206532,22.03395
5.206934,22.05323
5.207534,22.07297
5.20815,22.09406
5.208889,22.11401
5.209593,22.13298
5.210297,22.15101
5.210983,22.16985
5.211643,22.18878
5.212418,22.20765
5.21332,22.22668
5.214007,22.24481
5.214567,22.26435
5.21506,22.28361
5.215462,22.30438
5.215979,22.32316
5.216384,22.34226
5.216915,22.36149
5.217203,22.38007
5.217525,22.39905
5.218067,22.41701
5.218496,22.43552
5.218861,22.45444
5.219397,22.47334
5.219843,22.49136
5.220382,22.51217
5.220995,22.53088
5.221614,22.54956
5.222234,22.56941
5.222703,22.58814
5.222955,22.60618
5.223131,22.62597
5.223696,22.64424
5.224258,22.66186
5.224773,22.68102
5.225293,22.6999
5.225745,22.72057
5.226326,22.74025
5.22684,22.75961
5.227228,22.77744
5.227613,22.79635
5.227999,22.81548
5.228375,22.83458
5.228884,22.85333
5.229303,22.87249
5.229784,22.89123
5.230329,22.90931
5.230872,22.93055
5.231415,22.94996
5.231893,22.96893
5.232355,22.98763
5.2328,23.0069
5.23326,23.0253
5.233646,23.04486
5.234032,23.0627
5.234418,23.08173
5.234878,23.09953
5.235463,23.11749
5.235993,23.13828
5.236512,23.1575
5.237036,23.17643
5.237571,23.19545
5.238106,23.2135
5.238629,23.23306
5.23918,23.2535
5.239735,23.2733
5.240358,23.29285
5.240981,23.31167
5.24156,23.33075
5.242088,23.35153
5.242616,23.36959
5.243186,23.38874
5.243805,23.40752
5.244373,23.42655
5.244967,23.44551
5.245577,23.46443
5.246228,23.48341
5.246879,23.50255
5.247516,23.52122
5.248134,23.54032
5.248728,23.56217
5.249321,23.58097
5.249873,23.60049
5.250424,23.61907
5.250956,23.63878
5.251504,23.65822
5.252036,23.67736
5.25261,23.69628
5.2532,23.71514
5.253788,23.73428
5.254455,23.75304
5.25512,23.77405
5.255784,23.79293
5.256454,23.81216
5.257122,23.83082
5.257783,23.85032
5.258432,23.86964
5.259075,23.88751
5.259717,23.90646
5.260332,23.92554
5.26082,23.94436
5.261262,23.96314
5.261744,23.98406
5.262119,24.00348
5.262486,24.02134
5.262921,24.04032
5.26344,24.05931
5.263962,24.07821
5.264528,24.09727
5.265214,24.11615
5.265732,24.13562
5.266269,24.15472
5.26687,24.17369
5.267414,24.1944
5.267938,24.21367
5.268463,24.23227
5.268933,24.25125
5.269368,24.27062
5.269788,24.28852
5.270177,24.30775
5.27061,24.32669
5.271134,24.34545
5.271657,24.36366
5.272223,24.38142
5.272745,24.40189
5.273357,24.4216
5.273879,24.44057
5.274481,24.45938
5.274927,24.47836
5.275527,24.49705
5.275971,24.51542
5.276415,24.53444
5.27685,24.55333
5.277447,24.57264
5.27788,24.59166
5.278312,24.61267
5.278744,24.63134
5.279288,24.65054
5.279864,24.67064
5.28042,24.6895
5.280962,24.70826
5.281633,24.7262
5.282191,24.74445
5.282747,24.76396
5.283392,24.78261
5.283882,24.80257
5.28438,24.82314
5.28491,24.84244
5.285463,24.86136
5.285847,24.88043
5.286281,24.89935
5.286579,24.91846
5.287263,24.9372
5.287531,24.95621
5.288117,24.97568
5.288434,24.99446
5.288818,25.01331
5.289394,25.03506
5.289973,25.05459
5.290485,25.07343
5.29111,25.09353
5.291733,25.11134
5.292355,25.12925
5.293069,25.14877
5.293528,25.16734
5.293821,25.18634
5.294176,25.20504
5.294573,25.22367
5.295032,25.24452
5.295489,25.26339
5.295943,25.28212
5.296409,25.30128
5.296872,25.31896
5.297356,25.33802
5.297839,25.35696
5.298299,25.37589
5.298758,25.39389
5.299249,25.41368
5.299843,25.43242
5.300469,25.45322
5.301093,25.47191
5.301686,25.49002
5.302253,25.50991
5.302843,25.52888
5.303406,25.54782
5.303817,25.56684
5.304158,25.58573
5.30447,25.60462
5.304756,25.62375
5.305051,25.64261
5.305346,25.66237
5.305683,25.68095
5.306121,25.69971
5.306741,25.71865
5.307383,25.73771
5.308024,25.75656
5.30865,25.77645
5.309265,25.79522
5.309632,25.81416
5.30996,25.83404
5.310287,25.8546
5.310653,25.87563
5.311018,25.89428
5.311466,25.9136
5.312136,25.93215
5.312836,25.95115
5.313539,25.96962
5.31424,25.98845
5.314991,26.00719
5.315488,26.02616
5.316072,26.04474
5.316656,26.06359
5.317241,26.08455
5.31778,26.1031
5.318259,26.12256
5.318753,26.1417
5.319207,26.15984
5.319627,26.17885
5.319994,26.19756
5.320361,26.21662
5.320828,26.23552
5.321315,26.25346
5.32178,26.27289
5.322213,26.29438
5.322695,26.31326
5.323179,26.33225
5.323573,26.35141
5.323957,26.36929
5.324342,26.38706
5.324736,26.40535
5.325119,26.42372
5.325444,26.4432
5.325769,26.46163
5.32615,26.48028
5.32651,26.50157
5.326784,26.51921
5.327049,26.53687
5.327302,26.55579
5.327538,26.57482
5.327771,26.5928
5.327818,26.61086
5.328417,26.62976
5.329019,26.64864
5.329273,26.66656
5.329393,26.68425
5.329544,26.70534
5.329707,26.72442
5.32987,26.74247
5.330068,26.76034
5.330339,26.77947
5.330648,26.79821
5.33097,26.81722
5.331306,26.83672
5.331631,26.85567
5.331956,26.87426
5.332287,26.89376
5.332612,26.91357
5.332937,26.93177
5.333245,26.95034
5.333555,26.96924
5.333823,26.98838
5.334117,27.0066
5.334367,27.02603
5.334638,27.04587
5.334947,27.06513
5.335267,27.08467
5.335577,27.10386
5.335885,27.12396
5.336168,27.14225
5.336452,27.16129
5.33668,27.1801
5.337442,27.19973
5.337652,27.21918
5.338279,27.23755
5.338399,27.2565
5.338526,27.27469
5.338791,27.2935
5.339022,27.31219
5.339266,27.33332
5.339535,27.35223
5.339977,27.37112
5.340455,27.39034
5.340906,27.40911
5.341356,27.42696
5.341806,27.44563
5.342261,27.46527
5.342759,27.48429
5.343303,27.5031
5.343845,27.52218
5.344403,27.54325
5.344965,27.56271
5.34552,27.58225
5.346058,27.60111
5.346594,27.62686
5.3471,27.64599
5.347602,27.66478
5.348088,27.68328
5.348567,27.70248
5.349048,27.72146
5.349515,27.74008
5.349981,27.76207
5.350448,27.78029
5.350914,27.79921
5.351402,27.81812
5.351888,27.83651
5.352349,27.85609
5.352805,27.87481
5.353289,27.89363
5.353778,27.91147
5.354264,27.93024
5.354726,27.94948
5.355214,27.9705
5.355701,27.98835
5.356188,28.00624
5.356665,28.02553
5.357126,28.04515
5.357612,28.06292
5.358099,28.08214
5.358587,28.10148
5.359076,28.12021
5.359585,28.13929
5.360142,28.15812
5.360701,28.17924
5.361239,28.19802
5.361707,28.21721
5.362179,28.23607
5.362653,28.25483
5.363115,28.27282
5.363588,28.29114
5.364077,28.31082
5.364582,28.32968
5.365087,28.3491
5.365629,28.36805
5.366192,28.38924
5.366754,28.40718
5.367316,28.42567
5.367878,28.44491
5.368439,28.46504
5.368998,28.48349
5.369518,28.50228
5.370034,28.51966
5.370527,28.53858
5.371018,28.55683
5.371424,28.57594
5.371829,28.5969
5.372246,28.61624
5.372754,28.63579
5.373268,28.65479
5.373782,28.67401
5.374295,28.69308
5.374832,28.71198
5.375368,28.73086
5.375849,28.74983
5.3763,28.76769
5.376866,28.7869
5.37743,28.80768
5.377826,28.82769
5.378216,28.84649
5.37861,28.8654
5.3792,28.88346
5.379788,28.90147
5.380386,28.92034
5.380984,28.93925
5.381604,28.95821
5.382202,28.97809
5.382793,28.99672
5.383381,29.01766
5.383969,29.03554
5.384557,29.05425
5.385147,29.07347
5.385729,29.09328
5.386315,29.11237
5.386911,29.13156
5.387491,29.15207
5.388071,29.1702
5.388652,29.18924
5.389237,29.2083
5.389822,29.22863
5.390403,29.24757
5.390769,29.26652
5.391331,29.28551
5.391331,29.30403
5.391331,29.32362
5.391331,29.34401
5.391827,29.36333
5.392618,29.38133
5.392762,29.40049
5.392762,29.41922
5.392762,29.43955
5.392762,29.45949
5.392762,29.47875
5.392762,29.49824
5.392762,29.51724
5.39337,29.53604
5.393831,29.55507
5.394358,29.57439
5.394897,29.59315
5.395282,29.61294
5.395545,29.63125
5.395824,29.65019
5.396336,29.66905
5.396697,29.68837
5.397146,29.70703
5.397649,29.72605
5.398141,29.74508
5.398629,29.76509
5.399173,29.78321
5.399709,29.80092
5.400231,29.81999
5.40073,29.83885
5.401247,29.85986
5.401765,29.87866
5.402295,29.89775
5.402825,29.91754
5.403356,29.93755
5.403885,29.95656
5.404422,29.97571
5.404933,29.99412
5.405444,30.01303
5.405922,30.03214
5.406394,30.05055
5.406867,30.0727
5.407322,30.09152
5.407751,30.11028
5.408129,30.12967
5.408508,30.14867
5.408881,30.16769
5.409254,30.18553
5.409627,30.20462
5.410148,30.22336
5.410722,30.2423
5.411268,30.2604
5.411815,30.28247
5.412384,30.30169
5.412929,30.32026
5.413465,30.33998
5.413918,30.35762
5.414369,30.3774
5.41474,30.39506
5.41511,30.41459
5.415485,30.43354
5.415861,30.45269
5.416235,30.47072
5.41658,30.4915
5.416924,30.51048
5.417306,30.5293
5.417688,30.54736
5.418112,30.56631
5.418536,30.58529
5.418966,30.6041
5.419395,30.62317
5.419798,30.64111
5.42022,30.66026
5.420621,30.67971
5.421021,30.70035
5.4214,30.71999
5.42176,30.739
5.422138,30.75781
5.422514,30.77679
5.422887,30.79558
5.423264,30.8147
5.423637,30.8332
5.424014,30.85199
5.424389,30.87261
5.424766,30.89226
5.425156,30.91229
5.425546,30.93139
5.425967,30.95033
5.426395,30.96901
5.426847,30.98817
5.427322,31.00724
5.427797,31.02505
5.428251,31.04402
5.4287,31.06306
5.429198,31.08212
5.429721,31.10181
5.430241,31.12345
5.430763,31.1424
5.43128,31.16213
5.43142,31.18144
5.43193,31.20002
5.432239,31.21914
5.432716,31.23759
5.433168,31.25691
5.433547,31.27569
5.434033,31.29461
5.434546,31.31387
5.434868,31.33508
5.435319,31.35354
5.435621,31.37228
5.43607,31.39123
5.436594,31.41016
5.437114,31.42902
5.437561,31.44856
5.438043,31.46829
5.438529,31.4861
5.439004,31.50455
5.439486,31.52328
5.43994,31.54324
5.440407,31.56228
5.440887,31.58103
5.441369,31.59964
5.441851,31.61817
5.442314,31.636
5.442776,31.65465
5.443244,31.67326
5.443725,31.69246
5.444206,31.7102
5.444686,31.72912
5.445153,31.7501
5.445632,31.76906
5.446111,31.78808
5.446566,31.80628
5.446967,31.82523
5.4474,31.84329
5.447829,31.86214
5.448263,31.88103
5.448697,31.90011
5.449131,31.91851
5.449564,31.93747
5.449996,31.95887
5.450424,31.97864
5.45082,31.9965
5.45119,32.01484
5.451534,32.03326
5.451888,32.05127
5.452257,32.07042
5.452795,32.0892
5.453342,32.10831
5.453883,32.12711
5.454435,32.14605
5.454994,32.16729
5.455556,32.186
5.456114,32.20498
5.456671,32.22392
5.45715,32.24259
5.457615,32.26153
5.457994,32.28014
5.45832,32.29907
5.458637,32.31808
5.458962,32.33709
5.459288,32.35489
5.459698,32.37624
5.460108,32.39635
5.460538,32.41449
5.460968,32.43346
5.461379,32.45266
5.461789,32.4722
5.462188,32.49017
5.462553,32.50908
5.462921,32.52847
5.463293,32.54725
5.463661,32.56617
5.464023,32.58707
5.464386,32.60517
5.464788,32.624
5.465189,32.64307
5.465584,32.66102
5.465977,32.67966
5.466497,32.69891
5.467059,32.71779
5.467686,32.73606
5.468205,32.75506
5.468725,32.77421
5.469256,32.79396
5.469786,32.81245
5.470315,32.8315
5.470833,32.85037
5.471351,32.86832
5.471869,32.88662
5.472368,32.90509
5.472853,32.92395
5.473348,32.94318
5.473843,32.96107
5.474343,32.97998
5.474845,33.00152
5.47534,33.01903
5.475828,33.03719
5.476318,33.05674
5.476821,33.07592
5.477378,33.09374
5.477926,33.11265
5.478473,33.13158
5.479019,33.15054
5.479526,33.16862
5.480062,33.18686
5.480567,33.20835
5.481073,33.22748
5.481574,33.24629
5.482074,33.26525
5.482575,33.28432
5.48305,33.30252
5.483528,33.32206
5.484001,33.34109
5.484464,33.36027
5.484921,33.37902
5.485377,33.39807
5.485824,33.41884
5.486267,33.43724
5.486696,33.45604
5.487109,33.47509
5.487525,33.49282
5.487937,33.51286
5.488355,33.53225
5.488896,33.55202
5.489398,33.571
5.489897,33.58964
5.490339,33.60926
5.490771,33.63
5.491194,33.64905
5.491614,33.66806
5.492034,33.68613
5.492434,33.70478
5.49283,33.72303
5.493226,33.74084
5.49359,33.75968
5.493949,33.77826
5.494305,33.79686
5.494659,33.81601
5.495015,33.83635
5.495371,33.85505
5.495756,33.87498
5.496149,33.89248
5.496543,33.91214
5.496946,33.93068
5.497391,33.94967
5.497794,33.96912
5.498195,33.98808
5.498597,34.00599
5.499012,34.02547
5.499437,34.04691
5.499858,34.06526
5.500278,34.08329
5.5007,34.10233
5.501121,34.12193
5.501542,34.14132
5.502007,34.15931
5.502446,34.17831
5.502875,34.19798
5.503312,34.21635
5.503728,34.23526
5.504118,34.25621
5.504488,34.27524
5.504858,34.29428
5.50523,34.31339
5.505603,34.33298
5.505949,34.35208
5.506292,34.37201
5.506671,34.39087
5.507039,34.40835
5.507381,34.42713
5.5077,34.44601
5.508014,34.46729
5.508326,34.48646
5.508637,34.50618
5.508938,34.52494
5.509248,34.54307
5.509558,34.56221
5.509857,34.5814
5.510182,34.60015
5.510507,34.61934
5.510806,34.63832
5.511187,34.65739
5.511569,34.67797
5.511951,34.69717
5.512332,34.71714
5.512726,34.73605
5.513127,34.75502
5.513526,34.77433
5.513918,34.7933
5.514328,34.81215
5.514752,34.83107
5.515187,34.85001
5.515611,34.86814
5.516038,34.88805
5.51648,34.90614
5.516944,34.92514
5.517408,34.94412
5.517873,34.96222
5.518337,34.98109
5.518801,35.00013
5.519255,35.01929
5.519709,35.03819
5.520182,35.05743
5.520378,35.07708
5.520378,35.09802
5.520378,35.11646
5.520378,35.13469
5.520378,35.15699
5.520378,35.17899
5.520378,35.19903
5.520378,35.21898
5.520378,35.23806
5.520378,35.25594
5.520378,35.27497
5.520378,35.2941
5.520934,35.31523
5.521494,35.33545
5.521565,35.35515
5.521753,35.37439
5.521753,35.39228
5.521753,35.41197
5.521753,35.43171
5.522177,35.45142
5.522246,35.47019
5.522549,35.48906
5.522734,35.50855
5.52283,35.53124
5.522879,35.55056
5.522795,35.5704
5.522889,35.59001
5.522983,35.60915
5.523057,35.62955
5.523021,35.64951
5.522989,35.66889
5.522867,35.6885
5.522726,35.70868
5.5226,35.73058
5.522479,35.74958
5.522357,35.7695
5.522245,35.78926
5.522089,35.8091
5.521926,35.82888
5.521623,35.84844
5.521369,35.86892
5.521116,35.88873
5.520849,35.90741
5.520582,35.92662
5.520315,35.94841
5.519991,35.96904
5.519686,35.98898
5.51934,36.00806
5.519077,36.02744
5.518739,36.04812
5.518333,36.06748
5.517944,36.08689
5.517529,36.10598
5.517134,36.12441
5.516748,36.1432
5.516355,36.16419
5.515945,36.1842
5.51551,36.203
5.515054,36.222
5.514593,36.24104
5.514124,36.2601
5.513639,36.27919
5.513121,36.29953
5.512572,36.31943
5.512009,36.3395
5.511432,36.35976
5.510839,36.3813
5.510228,36.39997
5.509572,36.42013
5.508898,36.43884
5.508179,36.45794
5.507452,36.47689
5.506716,36.49666
5.50597,36.51564
5.505221,36.53411
5.504456,36.55293
5.50368,36.57184
5.50285,36.59287
5.502007,36.61283
5.501156,36.6318
5.50029,36.65067
5.499425,36.67004
5.498559,36.68932
5.497686,36.70795
5.496813,36.72703
5.495941,36.74606
5.495067,36.76505
5.494196,36.78397
5.493327,36.83277
5.49246,36.85297
5.491591,36.87291
5.490747,36.89249
5.489903,36.91317
5.48907,36.93321
5.488247,36.95188
5.487428,36.97088
5.486615,36.98975
5.485805,37.01114
5.485008,37.0302
5.484222,37.0493
5.483428,37.06809
5.482645,37.08697
5.48187,37.10669
5.481096,37.12496
5.480324,37.14401
5.479552,37.16288
5.478968,37.18191
5.478422,37.20103
5.477854,37.2221
5.477277,37.24126
5.476702,37.26016
5.476128,37.27946
5.47556,37.29799
5.474997,37.31693
5.47444,37.336
5.473887,37.35474
5.473355,37.37387
5.47284,37.39275
5.472347,37.41329
5.471856,37.43411
5.471387,37.4534
5.470958,37.47209
5.470561,37.49118
5.470196,37.51021
5.469841,37.52935
5.469496,37.54811
5.46916,37.56735
5.468823,37.58596
5.468489,37.60584
5.468156,37.62511
5.467842,37.64661
5.467529,37.66597
5.467234,37.68514
5.466944,37.70414
5.46666,37.72359
5.466414,37.74299
5.466414,37.76241
5.466193,37.78236
5.466032,37.80125
5.46579,37.82012
5.465606,37.83949
5.465415,37.86069
5.465221,37.87974
5.464993,37.89816
5.464756,37.91714
5.464519,37.93602
5.464281,37.95503
5.464014,37.97403
5.463711,37.993
5.463352,38.01184
5.462946,38.03044
5.462442,38.05008
5.461907,38.07126
5.461353,38.09129
5.460798,38.11028
5.460222,38.13018
5.459612,38.14899
5.458976,38.16842
5.458309,38.18838
5.457612,38.209
5.456901,38.22815
5.45618,38.24758
5.455451,38.26726
5.454714,38.2878
5.453961,38.30695
5.453196,38.32626
5.452426,38.34516
5.451639,38.36392
5.450829,38.38437
5.450009,38.4033
5.449167,38.42223
5.448316,38.44011
5.447433,38.45951
5.44648,38.47919
5.445524,38.49956
5.444571,38.51894
5.443594,38.53875
5.442598,38.55743
5.441602,38.57735
5.440608,38.59689
5.43961,38.61583
5.438609,38.63434
5.437601,38.67741
5.436594,38.69623
5.43558,38.71693
5.434568,38.7351
5.433569,38.7539
5.432573,38.77287
5.431578,38.79187
5.430556,38.81056
5.429567,38.82981
5.428584,38.84974
5.427595,38.86874
5.426606,38.88774
5.425694,38.9068
5.424825,38.92875
5.423944,38.9478
5.423085,38.96653
5.422227,38.98608
5.421374,39.00481
5.420616,39.02381
5.41984,39.04217
5.41984,39.06131
5.41984,39.08016
5.41984,39.09919
5.41984,39.11858
5.418746,39.13941
5.417896,39.15858
5.417073,39.17842
5.416271,39.1979
5.415388,39.21718
5.414543,39.23614
5.413707,39.25498
5.412886,39.27406
5.412084,39.29314
5.411302,39.31201
5.410539,39.33091
5.40979,39.35194
5.409071,39.37093
5.408371,39.38993
5.407685,39.40923
5.407022,39.42821
5.406361,39.44693
5.405716,39.46594
5.404987,39.48485
5.404376,39.50375
5.403786,39.52287
5.4032,39.54235
5.402614,39.56312
5.402082,39.58196
5.401546,39.60095
5.400905,39.61956
5.40029,39.63907
5.399532,39.65805
5.398702,39.67712
5.397774,39.69598
5.396884,39.71507
5.395996,39.73394
5.395162,39.75272
5.394323,39.77513
5.393486,39.79498
5.392645,39.81399
5.391766,39.83316
5.39089,39.85263
5.390007,39.87223
5.389121,39.89111
5.38822,39.91003
5.387316,39.92907
5.38641,39.94784
5.385503,39.96702
5.384581,39.98772
5.383658,40.00713
5.382708,40.04122
5.381756,40.06033
5.380808,40.07995
5.379837,40.09892
5.378865,40.11835
5.377895,40.1379
5.376927,40.15749
5.375941,40.17732
5.374966,40.19788
5.373992,40.21656
5.373014,40.23595
5.372038,40.25502
5.371055,40.27391
5.370045,40.29286
5.369119,40.31179
5.368048,40.33038
5.367075,40.34909
5.366174,40.36868
5.365273,40.3872
5.364199,40.40788
5.363172,40.42705
5.362203,40.44592
5.361263,40.46476
5.360333,40.48382
5.359403,40.50316
5.358484,40.52179
5.357603,40.54089
5.35673,40.55979
5.355873,40.5794
5.355032,40.59885
5.354195,40.61965
5.353387,40.63895
5.352608,40.65857
5.351838,40.67805
5.351073,40.69703
5.350349,40.7159
5.349628,40.73503
5.348933,40.75375
5.348258,40.77277
5.347583,40.79247
5.34691,40.81163
5.346236,40.83214
5.345586,40.85111
5.34495,40.87019
5.344316,40.88908
5.343686,40.9081
5.34306,40.92702
5.34247,40.94613
5.3419,40.96513
5.341311,40.98402
5.340748,41.00327
5.340189,41.02215
5.339668,41.0431
5.339157,41.0625
5.338658,41.08171
5.338148,41.10124
5.337638,41.12018
5.337103,41.13919
5.336553,41.1581
5.336002,41.17725
5.335453,41.19618
5.334905,41.21517
5.334381,41.23408
5.333858,41.25605
5.333336,41.27501
5.332814,41.29429
5.332292,41.31324
5.331856,41.33299
5.331419,41.35252
5.33103,41.37357
5.330657,41.39216
5.330287,41.41132
5.329935,41.43025
5.329606,41.44921
5.329288,41.46983
5.328966,41.48891
5.328648,41.50845
5.328353,41.52705
5.328064,41.54609
5.327779,41.56521
5.327492,41.58424
5.327214,41.60368
5.326949,41.62328
5.326694,41.64212
5.326459,41.66136
5.326214,41.68233
5.325981,41.70127
5.325758,41.72032
5.325552,41.7392
5.325345,41.75807
5.325129,41.77738
5.324948,41.79607
5.324571,41.8151
5.324486,41.83429
5.324432,41.85321
5.324378,41.87199
5.324351,41.89472
5.32427,41.91459
5.324171,41.93356
5.324011,41.95297
5.323546,41.97201
5.323546,41.99097
5.323546,42.01014
5.323546,42.02889
5.323546,42.04816
5.323546,42.06684
5.323546,42.0858
5.323546,42.10558
5.323546,42.12377
5.323546,42.14268
5.323546,42.16175
5.323546,42.18077
5.323546,42.19963
5.323546,42.21919
5.323546,42.2384
5.323546,42.25724
5.323546,42.27597
5.323546,42.29491
5.323546,42.31625
5.32311,42.33509
5.322925,42.35393
5.322609,42.37292
5.322367,42.39202
5.322262,42.41015
5.321889,42.42908
5.321776,42.44802
5.321637,42.46706
5.321498,42.48595
5.321362,42.50482
5.321227,42.52686
5.321104,42.54584
5.320992,42.56411
5.320862,42.58306
5.320765,42.60188
5.320683,42.6208
5.320601,42.63986
5.320521,42.6587
5.320457,42.67764
5.320394,42.69711
5.320332,42.71799
5.320291,42.79072
5.320209,42.8111
5.320125,42.83023
5.32004,42.84897
5.319945,42.86782
5.319851,42.88693
5.319757,42.90527
5.31966,42.93009
5.319588,42.951
5.319533,42.97023
5.319569,42.98921
5.319539,43.00825
5.319509,43.02715
5.319548,43.04617
5.31962,43.06538
5.319663,43.08398
5.319703,43.1029
5.319743,43.12325
5.319784,43.14286
5.319836,43.16319
5.319892,43.18206
5.319947,43.20107
5.320009,43.21981
5.320066,43.23926
5.320131,43.25823
5.320196,43.2771
5.320298,43.29585
5.320397,43.31406
5.320514,43.33289
5.320647,43.35216
5.320776,43.37443
5.320909,43.39319
5.321037,43.41127
5.321165,43.43008
5.321303,43.44896
5.321442,43.46812
5.321584,43.48718
5.321736,43.50628
5.321907,43.52498
5.321914,43.54415
5.321914,43.56285
5.321822,43.58361
5.321614,43.603
5.321666,43.62172
5.321552,43.64071
5.321601,43.66013
5.321666,43.67914
5.321704,43.69809
5.321743,43.71814
5.321794,43.73658
5.321846,43.75596
5.321898,43.77422
5.321951,43.79498
5.322019,43.81433
5.322087,43.8336
5.322154,43.85315
5.322223,43.87199
5.322296,43.89095
5.322372,43.91033
5.322462,43.92905
5.322551,43.94817
5.322666,43.96773
5.32279,43.98724
5.322941,44.00788
5.323097,44.02695
5.323247,44.04583
5.323409,44.06508
5.323518,44.08411
5.323608,44.10297
5.323707,44.12275
5.3238,44.14197
5.323892,44.16122
5.323983,44.18022
5.32408,44.19911
5.324193,44.22021
5.324305,44.2392
5.324419,44.258
5.324533,44.27698
5.324653,44.29621
5.324772,44.31585
5.32489,44.33572
5.324993,44.35427
5.325087,44.37337
5.325189,44.39231
5.325291,44.41082
5.32539,44.43223
5.325489,44.45264
5.325592,44.47248
5.325696,44.49108
5.325802,44.50935
5.325918,44.52893
5.326033,44.54802
5.326151,44.56699
5.326277,44.5859
5.326438,44.60476
5.326621,44.62378
5.326815,44.64507
5.32701,44.66284
5.327203,44.68182
5.327395,44.70127
5.327588,44.7203
5.327784,44.73971
5.32798,44.75962
5.328176,44.77941
5.328387,44.7991
5.328604,44.81931
5.32883,44.8382
5.329051,44.8599
5.329272,44.87925
5.329502,44.89806
5.329727,44.9169
5.329953,44.93574
5.330178,44.95466
5.330403,44.97437
5.330632,44.9937
5.330862,45.01289
5.331077,45.03205
5.331275,45.0518
5.331472,45.07271
5.331687,45.09174
5.331902,45.11083
5.332115,45.12982
5.332368,45.14873
5.332628,45.168
5.332894,45.18701
5.333164,45.20588
5.333434,45.2251
5.333704,45.24411
5.333971,45.26327
5.33424,45.28461
5.334494,45.30376
5.334764,45.32288
5.335037,45.3418
5.335283,45.36066
5.335529,45.37918
5.335775,45.39869
5.33603,45.41786
5.336316,45.43696
5.336558,45.4558
5.336814,45.47511
5.337093,45.49605
5.337376,45.51445
5.337654,45.53395
5.337919,45.55294
5.338203,45.5719
5.338488,45.59087
5.338768,45.6098
5.339034,45.62875
5.339259,45.64831
5.339484,45.66791
5.339709,45.68709
5.339932,45.70872
5.34017,45.72849
5.340421,45.74801
5.340673,45.7669
5.340927,45.7858
5.341202,45.80516
5.341462,45.82473
5.3417,45.84361
5.341962,45.86273
5.342198,45.88269
5.342454,45.90211
5.342713,45.92239
5.342789,45.94202
5.342789,45.96078
5.342902,45.97982
5.343034,45.99887
5.3432,46.01765
5.343265,46.03671
5.343385,46.05585
5.343553,46.07399
5.343644,46.09267
5.3438,46.11204
5.344012,46.13285
5.344219,46.15298
5.344441,46.17244
5.344651,46.19149
5.344872,46.20995
5.345093,46.22896
5.345305,46.2478
5.345538,46.26686
5.34577,46.28578
5.346001,46.30491
5.346223,46.32339
5.346232,46.34414
5.346432,46.36309
5.346597,46.38201
5.346768,46.401
5.346924,46.42013
5.347101,46.43899
5.347301,46.4584
5.347435,46.47777
5.347612,46.49688
5.34776,46.51518
5.347917,46.53431
5.348132,46.55521
5.3483,46.57395
5.348492,46.59293
5.348732,46.61211
5.348956,46.63159
5.349152,46.65045
5.349344,46.67011
5.349518,46.68895
5.349685,46.70786
5.349839,46.72688
5.349992,46.74472
5.350138,46.76562
5.350283,46.78469
5.35043,46.80329
5.350567,46.82207
5.350704,46.8409
5.350842,46.85993
5.35097,46.87896
5.351108,46.89764
5.351245,46.91622
5.351378,46.93563
5.351515,46.95426
5.351655,46.97564
5.351791,46.99469
5.351929,47.01468
5.352067,47.03352
5.352204,47.05302
5.352341,47.072
5.352436,47.09105
5.352545,47.10986
5.35264,47.12891
5.352735,47.14798
5.352834,47.16713
5.352945,47.18805
5.353056,47.20855
5.353171,47.22878
5.353315,47.24806
5.35345,47.26693
5.353585,47.2858
5.353724,47.30487
5.353868,47.32407
5.354011,47.34374
5.35415,47.36269
5.35429,47.38179
5.354452,47.40364
5.354597,47.42211
5.354719,47.44162
5.354865,47.46051
5.355027,47.47892
5.355174,47.49805
5.355335,47.51714
5.355497,47.5357
5.355747,47.55441
5.356016,47.57331
5.356296,47.59325
5.356575,47.61473
5.356846,47.63387
5.357114,47.65294
5.357373,47.67102
5.357611,47.68983
5.357823,47.70899
5.358061,47.72892
5.358318,47.74781
5.358592,47.76682
5.358872,47.78572
5.359145,47.80471
5.359426,47.82574
5.359707,47.84448
5.359982,47.86295
5.360257,47.88237
5.360454,47.90186
5.360651,47.92088
5.360929,47.94029
5.361207,47.95944
5.361486,47.97902
5.361776,47.99871
5.362075,48.01796
5.362384,48.03884
5.362693,48.05787
5.363002,48.07701
5.363301,48.09619
5.363463,48.11459
5.363527,48.13409
5.363743,48.15298
5.364028,48.17189
5.364308,48.19094
5.364592,48.20998
5.364881,48.22882
5.365014,48.24956
5.365279,48.26862
5.365513,48.2878
5.365824,48.30656
5.366051,48.32653
5.366234,48.34526
5.366729,48.36423
5.367071,48.38294
5.367439,48.40203
5.367762,48.42101
5.368084,48.43927
5.368407,48.46034
5.368684,48.47939
5.369,48.4988
5.369313,48.51781
5.369574,48.53662
5.369602,48.55579
5.369546,48.57532
5.369643,48.59432
5.369886,48.61373
5.370175,48.63317
5.370416,48.65221
5.370672,48.67278
5.370927,48.69186
5.371182,48.71092
5.371425,48.7306
5.371649,48.74987
5.371873,48.76863
5.372094,48.78772
5.372323,48.80732
5.372569,48.82563
5.372803,48.84459
5.373049,48.86378
5.373288,48.88453
5.373549,48.90462
5.373787,48.92363
5.374025,48.94244
5.374264,48.96141
5.374503,48.98098
5.374742,49.00032
5.374984,49.01916
5.375233,49.03818
5.375483,49.05709
5.375732,49.07618
5.375996,49.09708
5.376261,49.11621
5.376535,49.13625
5.3768,49.15487
5.377081,49.1741
5.377334,49.19383
5.37757,49.21265
5.377778,49.23156
5.377955,49.2505
5.378132,49.27002
5.378299,49.28897
5.378466,49.31002
5.378633,49.329
5.378832,49.34817
5.37903,49.36701
5.379248,49.38584
5.379468,49.40469
5.3797,49.42377
5.379932,49.44285
5.380125,49.46208
5.380337,49.48108
5.380529,49.50004
5.380688,49.5209
5.380847,49.53986
5.380989,49.55885
5.38111,49.57782
5.381265,49.59675
5.381421,49.61573
5.381578,49.63485
5.381734,49.65358
5.381893,49.67265
5.382073,49.69283
5.382256,49.71175
5.382384,49.73215
5.382548,49.75198
5.382721,49.77086
5.382885,49.78886
5.383056,49.80753
5.383225,49.82607
5.383395,49.84516
5.383582,49.86432
5.383718,49.88305
5.383888,49.90225
5.384017,49.9213
5.384134,49.94276
5.384253,49.96225
5.384371,49.9817
5.384489,50.00064
5.384607,50.01983
5.384789,50.03947
5.384971,50.05864
5.385153,50.07883
5.385319,50.09879
5.385484,50.11781
5.38567,50.13659
5.385884,50.15742
5.386098,50.17677
5.386325,50.19609
5.386577,50.21479
5.386828,50.23325
5.387082,50.25266
5.38735,50.27168
5.387618,50.29072
5.387868,50.30954
5.388172,50.32911
5.388482,50.34788
5.388793,50.36885
5.389104,50.38792
5.389415,50.40682
5.389734,50.42567
5.390033,50.44562
5.390312,50.46381
5.390591,50.48254
5.390878,50.50269
5.391165,50.52263
5.391465,50.54155
5.391765,50.56064
5.392066,50.5817
5.392367,50.60003
5.392666,50.61895
5.392967,50.6381
5.393268,50.65693
5.393599,50.67587
5.393929,50.70124
5.394273,50.72078
5.394617,50.73993
5.394945,50.75848
5.395187,50.77755
5.395427,50.7983
5.395648,50.81766
5.395868,50.83713
5.396113,50.85667
5.39636,50.87584
5.396609,50.89483
5.396883,50.91373
5.397156,50.93329
5.397429,50.9521
5.3977,50.97168
5.397972,50.99052
5.39825,51.01237
5.398528,51.03366
5.398821,51.0532
5.399143,51.07231
5.399466,51.09092
5.399786,51.11021
5.400109,51.12917
5.400428,51.1479
5.400733,51.16683
5.401039,51.18639
5.401303,51.20533
5.401561,51.22625
5.401828,51.24524
5.402095,51.26468
5.402449,51.28324
5.402785,51.30225
5.403137,51.32126
5.403491,51.3401
5.403844,51.35885
5.403844,51.37851
5.403844,51.39742
5.404186,51.4163
5.404528,51.4366
5.404709,51.45572
5.404954,51.47466
5.405253,51.49374
5.405513,51.5125
5.405742,51.53162
5.40597,51.55017
5.406199,51.56895
5.406442,51.5877
5.406692,51.60669
5.406932,51.62571
5.407222,51.64657
5.407545,51.66509
5.407804,51.68399
5.408169,51.70282
5.408523,51.72309
5.408876,51.74265
5.409212,51.76151
5.409544,51.78012
5.409878,51.79969
5.410213,51.81877
5.410512,51.83789
5.41081,51.85905
5.411048,51.8781
5.411286,51.89765
5.411553,51.91702
5.41178,51.93491
5.411961,51.95404
5.412155,51.97288
5.412388,51.99176
5.412722,52.01195
5.413119,52.03078
5.413423,52.04972
5.413661,52.07047
5.413878,52.08948
5.414114,52.10859
5.414349,52.12817
5.414577,52.14597
5.414893,52.16526
5.415144,52.18414
5.415399,52.20316
5.415701,52.22218
5.41602,52.2412
5.416333,52.2602
5.416481,52.28089
5.416804,52.29988
5.417128,52.31886
5.417421,52.33772
5.417603,52.35675
5.417788,52.37563
5.417978,52.39481
5.418354,52.41369
5.418726,52.43266
5.419064,52.45223
5.419217,52.47203
5.41937,52.49266
5.419569,52.51178
5.419803,52.53085
5.420036,52.54982
5.420242,52.56892
5.420448,52.58787
5.420644,52.60716
5.420812,52.62664
5.420966,52.64672
5.420966,52.66607
5.420966,52.6849
5.420966,52.70689
5.420966,52.72597
5.420966,52.74472
5.420966,52.76395
5.420966,52.78272
5.420966,52.80159
5.420966,52.82047
5.420966,52.8395
5.420966,52.85833
5.420966,52.87741
5.421122,52.89648
5.421269,52.91708
5.421511,52.93667
5.421752,52.95551
5.421918,52.97433
5.422134,52.99352
5.42236,53.01242
5.422585,53.03176
5.422802,53.05064
5.42304,53.06959
5.42328,53.08856
5.423368,53.10759
5.423619,53.12858
5.423866,53.14763
5.424113,53.16665
5.424367,53.18595
5.424618,53.2054
5.424866,53.22432
5.425106,53.24335
5.425354,53.26217
5.425601,53.28156
5.425848,53.30091
5.426085,53.3211
5.426322,53.34277
5.426564,53.36232
5.426804,53.38107
5.427018,53.39999
5.427228,53.41899
5.427438,53.43779
5.427648,53.45658
5.427856,53.47564
5.428065,53.49469
5.428274,53.51349
5.428465,53.53278
5.428664,53.5535
5.428863,53.5737
5.429085,53.59277
5.429308,53.61169
5.429531,53.63018
5.429753,53.64912
5.429988,53.66864
5.430223,53.68814
5.430455,53.70708
5.430655,53.72631
5.430856,53.74511
5.431045,53.76588
5.431233,53.78497
5.431381,53.80372
5.431639,53.82283
5.431913,53.84188
5.432097,53.86075
5.432285,53.87962
5.432484,53.89849
5.432725,53.91748
5.432988,53.936
5.433208,53.95574
5.43351,53.97655
5.433715,53.99487
5.434032,54.01511
5.434286,54.03359
5.43445,54.05276
5.434616,54.07173
5.434817,54.09059
5.43504,54.1097
5.435259,54.12907
5.435372,54.14896
5.435489,54.16832
5.435729,54.1896
5.435975,54.20831
5.436221,54.22751
5.436466,54.24674
5.436712,54.26564
5.43698,54.28459
5.437252,54.30258
5.437523,54.32137
5.437794,54.33982
5.438069,54.35788
5.438344,54.37697
5.438603,54.3967
5.438857,54.41587
5.439096,54.4357
5.439336,54.45458
5.439569,54.4738
5.439766,54.49273
5.439948,54.5116
5.44013,54.52963
5.440346,54.54933
5.440567,54.56877
5.440813,54.58759
5.44106,54.60843
5.441306,54.62766
5.441552,54.64652
5.441797,54.6651
5.442006,54.68452
5.442204,54.7034
5.44238,54.72309
5.442578,54.74316
5.442786,54.76298
5.443008,54.78262
5.44323,54.80143
5.443452,54.82249
5.443676,54.84143
5.443901,54.86041
5.444116,54.87933
5.444331,54.89828
5.444541,54.91735
5.444751,54.93624
5.444962,54.95514
5.445189,54.97328
5.445398,54.99192
5.445625,55.01114
5.445851,55.03125
5.446078,55.0503
5.446286,55.06947
5.446494,55.08816
5.446685,55.10711
5.446877,55.125
5.447063,55.14415
5.447255,55.16408
5.447466,55.18299
5.447677,55.20205
5.447864,55.22107
5.44805,55.24209
5.448243,55.26018
5.448439,55.2793
5.448636,55.29808
5.448844,55.31727
5.449077,55.3361
5.449308,55.3549
5.44954,55.37445
5.449771,55.394
5.450002,55.41274
5.450216,55.43274
5.450433,55.45387
5.45065,55.47276
5.450891,55.49155
5.451116,55.51069
5.45137,55.52956
5.45163,55.54861
5.451892,55.56798
5.452154,55.58798
5.452415,55.60569
5.452638,55.62457
5.452903,55.64299
5.453168,55.66471
5.45344,55.68302
5.453712,55.70258
5.453984,55.72178
5.454282,55.74177
5.454588,55.76087
5.454893,55.77978
5.455192,55.79876
5.455452,55.81773
5.455716,55.83778
5.455988,55.85681
5.456251,55.8777
5.456505,55.89656
5.456763,55.91585
5.457022,55.93427
5.45728,55.95306
5.457512,55.97261
5.457677,55.99152
5.457812,56.01151
5.457948,56.03086
5.458083,56.05056
5.458225,56.06895
5.45839,56.08974
5.458555,56.10884
5.458721,56.12835
5.458912,56.14717
5.459061,56.16683
5.45918,56.18668
5.459297,56.2057
5.459416,56.22458
5.459543,56.2434
5.459684,56.26276
5.459825,56.28176
5.45998,56.30231
5.460135,56.32184
5.460291,56.34116
5.46047,56.36004
5.460625,56.37851
5.460762,56.39748
5.460898,56.41649
5.461011,56.43868
5.461133,56.45892
5.461245,56.47788
5.461366,56.49795
5.461515,56.51955
5.461636,56.53857
5.461771,56.55729
5.461907,56.57574
5.462042,56.59432
5.462177,56.61379
5.462313,56.63375
5.462442,56.65356
5.462573,56.67257
5.462708,56.69286
5.462819,56.71286
5.462954,56.73582
5.463064,56.75544
5.4632,56.77429
5.463335,56.79402
5.463514,56.81273
5.463732,56.83305
5.463912,56.85161
5.464059,56.8716
5.464238,56.8906
5.464486,56.90947
5.464735,56.92871
5.464984,56.94958
5.465234,56.96852
5.4655,56.98752
5.465778,57.00648
5.46609,57.02573
5.466426,57.04489
5.466763,57.0635
5.4671,57.08247
5.467444,57.10126
5.467807,57.1204
5.46817,57.13972
5.468503,57.1606
5.468832,57.17964
5.469156,57.19968
5.469441,57.21896
5.469727,57.23905
5.469989,57.2589
5.470272,57.27852
5.470554,57.29772
5.470836,57.31636
5.471092,57.33549
5.471341,57.35396
5.471539,57.37532
5.471717,57.39422
5.471886,57.41259
5.472054,57.43152
5.47218,57.45115
5.472308,57.4692
5.472476,57.48797
5.472678,57.50708
5.472918,57.52639
5.473156,57.54599
5.473335,57.56506
5.473567,57.58558
5.473747,57.60444
5.47392,57.62352
5.474092,57.64248
5.474254,57.6615
5.474397,57.67934
5.47454,57.6988
5.474689,57.71841
5.474903,57.73676
5.475116,57.75573
5.475338,57.77484
5.475615,57.79571
5.475903,57.81467
5.476191,57.83364
5.476501,57.85255
5.47681,57.87172
5.477125,57.89046
5.477438,57.90931
5.477689,57.92837
5.478004,57.94813
5.478313,57.96788
5.478592,57.98663
5.47887,58.00718
5.479136,58.02694
5.479403,58.04578
5.47967,58.06488
5.479948,58.08371
5.48024,58.10258
5.480556,58.12266
5.480875,58.14159
5.481189,58.16037
5.481504,58.17829
5.481819,58.19746
5.481912,58.21814
5.481912,58.23733
5.481912,58.25559
5.481912,58.27472
5.481912,58.29369
5.481912,58.31173
5.481912,58.33052
5.481912,58.34958
5.481912,58.36909
5.481912,58.38796
5.48208,58.40694
5.48237,58.42788
5.48244,58.44685
5.482609,58.46676
5.482884,58.48539
5.483226,58.5042
5.483423,58.52423
5.483546,58.55049
5.483741,58.56988
5.483887,58.58924
5.484034,58.60814
5.48421,58.62942
5.484338,58.64813
5.484475,58.66698
5.484668,58.68603
5.484876,58.70501
5.485133,58.72527
5.485382,58.74806
5.485631,58.76867
5.48588,58.7942
5.486131,58.81564
5.486353,58.83838
5.486588,58.85987
5.48684,58.87965
5.487092,58.89928
5.487344,58.91812
5.487586,58.93728
5.487828,58.95921
5.488046,58.979
5.488264,58.99785
5.488483,59.01685
5.488702,59.03791
5.488925,59.05676
5.489151,59.07557
5.489376,59.09472
5.489601,59.11381
5.489828,59.13248
5.490056,59.15199
5.490291,59.17134
5.490528,59.1904
5.490768,59.20961
5.49101,59.22857
5.491253,59.24977
5.491518,59.26962
5.491784,59.28839
5.49205,59.30732
5.492275,59.32638
5.492522,59.34548
5.492694,59.36498
5.492886,59.38377
5.492886,59.40292
5.492886,59.42199
5.492995,59.44179
5.492995,59.46257
5.492995,59.48158
5.492995,59.50085
5.492995,59.52045
5.492995,59.53938
5.492995,59.55837
5.492995,59.57714
5.492995,59.59628
5.492995,59.61501
5.492995,59.63406
5.492995,59.65311
5.49323,59.67388
5.493351,59.69308
5.493533,59.71184
5.493771,59.73082
5.494063,59.75015
5.494295,59.76927
5.494543,59.78863
5.494796,59.80774
5.495044,59.82697
5.495292,59.84645
5.495547,59.86545
5.495802,59.88642
5.496056,59.9049
5.49631,59.92402
5.496563,59.94372
5.496817,59.96373
5.497053,59.98361
5.497274,60.00224
